                  epoch,         train/box_loss,         train/cls_loss,         train/dfl_loss,   metrics/precision(B),      metrics/recall(B),       metrics/mAP50(B),    metrics/mAP50-95(B),           val/box_loss,           val/cls_loss,           val/dfl_loss,                 lr/pg0,                 lr/pg1,                 lr/pg2
                      1,                 2.9004,                 5.0732,                  4.253,                0.00072,                0.18391,                 0.0008,                0.00011,                 2.6535,                 4.4908,                 4.1575,                0.00011,                0.00011,                0.00011
                      2,                 2.8115,                 5.0079,                 4.2402,                0.00078,                0.20651,                0.00075,                0.00013,                 2.6451,                 4.4857,                 4.1515,             0.00022909,             0.00022909,             0.00022909
                      3,                 2.7586,                 4.9313,                  4.139,                0.00057,                0.17222,                0.00063,                 0.0001,                 2.6321,                 4.4831,                 4.1402,             0.00034723,             0.00034723,             0.00034723
                      4,                 2.7011,                 4.6657,                 3.9878,                0.00074,                0.19502,                0.00134,                0.00021,                 2.6203,                 4.0627,                 4.1334,             0.00046442,             0.00046442,             0.00046442
                      5,                 2.7115,                 4.3389,                 3.7844,                0.00087,                0.21743,                0.00164,                0.00035,                 2.6228,                 3.9045,                 4.1853,             0.00058065,             0.00058065,             0.00058065
                      6,                 2.6965,                 4.0858,                 3.6024,                0.00067,                0.16705,                0.00155,                0.00025,                 2.6506,                 3.9519,                 4.3113,             0.00069594,             0.00069594,             0.00069594
                      7,                 2.6004,                  3.801,                 3.4586,                 0.0006,                0.15057,                0.00998,                0.00126,                  2.652,                 4.1143,                 4.3589,             0.00081028,             0.00081028,             0.00081028
                      8,                 2.7755,                 3.7701,                 3.4305,                0.00056,                0.12222,                0.00155,                0.00027,                 2.3808,                  3.873,                 3.8305,             0.00092367,             0.00092367,             0.00092367
                      9,                 2.6896,                 3.5801,                 3.3858,                0.00126,                0.31705,                0.01598,                0.00325,                 2.2706,                 3.8068,                 3.5323,             0.00096832,             0.00096832,             0.00096832
                     10,                 2.6361,                 3.4929,                 3.2937,                0.00291,                0.84674,                0.10129,                0.03645,                 2.2637,                 3.3289,                 3.2018,             0.00096436,             0.00096436,             0.00096436
                     11,                 2.4439,                 3.2663,                  3.138,                0.00326,                0.93793,                0.20697,                0.08706,                 2.1395,                 3.2413,                 3.0469,              0.0009604,              0.0009604,              0.0009604
                     12,                 2.4807,                 3.2287,                 3.1598,                0.55157,                 0.4248,                0.24447,                0.10666,                 2.1194,                 3.0485,                 2.8581,             0.00095644,             0.00095644,             0.00095644
                     13,                 2.4318,                 3.2181,                 3.1279,                0.38916,                0.46284,                0.38146,                0.16499,                 2.2073,                 2.8169,                  2.876,             0.00095248,             0.00095248,             0.00095248
                     14,                 2.4075,                  3.205,                 3.1564,                0.61959,                0.16667,                0.26871,                  0.114,                 2.2271,                 2.7109,                 2.7041,             0.00094852,             0.00094852,             0.00094852
                     15,                 2.3177,                  2.928,                 3.0279,                0.38272,                0.24205,                 0.3468,                0.15023,                  1.912,                 2.4686,                 2.6944,             0.00094456,             0.00094456,             0.00094456
                     16,                 2.3507,                 3.0013,                 3.0138,                0.33087,                0.21821,                0.34818,                0.12279,                 1.9776,                 2.8473,                 2.8717,              0.0009406,              0.0009406,              0.0009406
                     17,                 2.3106,                  2.882,                 3.0131,                0.56319,                0.55416,                0.63471,                0.36289,                 1.6368,                 2.0098,                 2.4163,             0.00093664,             0.00093664,             0.00093664
                     18,                  2.214,                 2.8375,                 2.8904,                 0.4333,                0.71552,                0.65682,                0.36998,                  1.734,                 1.8945,                 2.5479,             0.00093268,             0.00093268,             0.00093268
                     19,                 2.0853,                 2.6354,                  2.906,                0.47697,                0.51765,                0.60359,                0.33834,                 1.6748,                 2.5276,                 2.4636,             0.00092872,             0.00092872,             0.00092872
                     20,                 2.1938,                 2.7827,                 2.9065,                0.50536,                 0.7148,                0.63264,                0.36488,                 1.7022,                 3.1485,                 2.4497,             0.00092476,             0.00092476,             0.00092476
                     21,                 2.1102,                 2.8505,                 2.8183,                0.54316,                0.54115,                0.56762,                0.24861,                 2.1162,                 2.0334,                 2.6671,              0.0009208,              0.0009208,              0.0009208
                     22,                  1.993,                 2.5676,                 2.7241,                 0.6477,                0.50277,                0.66139,                0.37573,                 1.6354,                 2.0727,                 2.4235,             0.00091684,             0.00091684,             0.00091684
                     23,                 1.9261,                 2.5333,                 2.6386,                0.71857,                0.66444,                0.78215,                0.50675,                 1.3488,                 1.7877,                 2.2542,             0.00091288,             0.00091288,             0.00091288
                     24,                 1.9768,                 2.5437,                  2.685,                 0.6487,                0.61507,                 0.7199,                0.40497,                 1.6369,                 1.7354,                 2.5767,             0.00090892,             0.00090892,             0.00090892
                     25,                 1.9029,                 2.5127,                 2.6754,                0.68131,                0.62522,                0.74936,                0.44207,                 1.6212,                 1.8118,                 2.5345,             0.00090496,             0.00090496,             0.00090496
                     26,                 1.8597,                   2.36,                 2.6132,                0.50569,                0.84827,                0.75434,                0.43359,                 1.5635,                 2.1614,                 2.2745,               0.000901,               0.000901,               0.000901
                     27,                 1.8547,                 2.3966,                 2.5816,                0.81211,                0.84113,                0.92533,                0.53473,                 1.5875,                 1.7101,                 2.3592,             0.00089704,             0.00089704,             0.00089704
                     28,                 1.8732,                 2.2853,                 2.6507,                0.62732,                0.66465,                0.85949,                0.53537,                 1.4599,                 1.5289,                 2.2227,             0.00089308,             0.00089308,             0.00089308
                     29,                 1.7504,                 2.2646,                 2.4964,                0.76328,                0.73497,                0.84718,                0.54587,                 1.3528,                  1.537,                 2.3282,             0.00088912,             0.00088912,             0.00088912
                     30,                 1.6968,                 2.2554,                 2.4689,                0.68144,                0.83314,                0.85385,                0.52246,                  1.361,                 1.3837,                 2.2891,             0.00088516,             0.00088516,             0.00088516
                     31,                 1.7477,                 2.2837,                 2.4329,                0.73309,                0.80816,                0.83475,                0.53489,                 1.4153,                 1.3655,                 2.1874,              0.0008812,              0.0008812,              0.0008812
                     32,                 1.6758,                 2.1833,                 2.4394,                0.78145,                0.82095,                0.91192,                0.60158,                 1.3471,                 1.2836,                 2.1711,             0.00087724,             0.00087724,             0.00087724
                     33,                 1.6334,                 2.1273,                 2.3637,                0.74053,                0.84666,                0.93978,                0.60764,                 1.3704,                 1.4367,                 2.2659,             0.00087328,             0.00087328,             0.00087328
                     34,                 1.6228,                 2.0191,                 2.3596,                0.84226,                0.83324,                0.95432,                0.63381,                 1.3668,                 1.3347,                 2.1405,             0.00086932,             0.00086932,             0.00086932
                     35,                 1.5483,                 2.1062,                  2.285,                0.86467,                0.90107,                0.95586,                0.67351,                 1.1984,                 1.2832,                 2.0648,             0.00086536,             0.00086536,             0.00086536
                     36,                 1.6466,                 2.1588,                 2.3443,                0.87313,                0.89997,                0.93943,                0.66434,                 1.1566,                 1.1645,                 2.0044,              0.0008614,              0.0008614,              0.0008614
                     37,                 1.6358,                 2.0513,                  2.349,                0.69093,                0.81726,                0.93279,                 0.5966,                 1.3355,                 1.3176,                 2.2973,             0.00085744,             0.00085744,             0.00085744
                     38,                 1.6637,                 2.0735,                 2.3422,                0.63484,                0.80587,                0.81532,                 0.5509,                  1.275,                 1.8366,                 2.1829,             0.00085348,             0.00085348,             0.00085348
                     39,                 1.5506,                 1.9557,                 2.2619,                0.76285,                0.85042,                0.86309,                0.58882,                 1.2336,                 1.3611,                 2.0296,             0.00084952,             0.00084952,             0.00084952
                     40,                 1.5397,                 1.9103,                 2.2455,                0.70858,                0.92806,                0.93762,                0.58687,                 1.3406,                 1.4191,                 2.0723,             0.00084556,             0.00084556,             0.00084556
                     41,                  1.516,                 1.8166,                  2.225,                0.79144,                0.85153,                0.87914,                0.59255,                 1.2447,                 1.3405,                 1.9666,              0.0008416,              0.0008416,              0.0008416
                     42,                 1.5045,                 1.8699,                 2.2306,                0.74922,                0.87657,                 0.9658,                0.70625,                 1.1021,                 1.1859,                 1.9062,             0.00083764,             0.00083764,             0.00083764
                     43,                 1.4606,                 1.7977,                 2.1926,                0.76119,                0.76917,                0.91022,                0.63147,                 1.1808,                 1.3469,                  1.931,             0.00083368,             0.00083368,             0.00083368
                     44,                 1.4709,                 1.8266,                 2.1467,                0.83257,                0.85833,                0.95362,                0.67518,                 1.1691,                 1.1646,                 1.9604,             0.00082972,             0.00082972,             0.00082972
                     45,                 1.5533,                 1.7494,                 2.2115,                0.87813,                0.81478,                0.96212,                0.66202,                 1.2387,                 1.0726,                 2.0114,             0.00082576,             0.00082576,             0.00082576
                     46,                 1.5377,                 1.7944,                 2.1747,                0.90911,                0.89822,                 0.9786,                0.72041,                 1.0936,                0.97497,                 1.8997,              0.0008218,              0.0008218,              0.0008218
                     47,                  1.415,                 1.7259,                 2.1286,                0.78276,                0.88315,                0.95507,                0.67302,                 1.1723,                 1.1256,                 1.9476,             0.00081784,             0.00081784,             0.00081784
                     48,                 1.3857,                 1.6973,                 2.1115,                0.83683,                0.84657,                0.94795,                0.70302,                 1.0752,                 1.2692,                 1.8555,             0.00081388,             0.00081388,             0.00081388
                     49,                 1.3864,                 1.5998,                 2.1009,                 0.9381,                0.94261,                0.97543,                0.69283,                 1.2117,                0.96639,                 1.9342,             0.00080992,             0.00080992,             0.00080992
                     50,                 1.5355,                 1.8019,                 2.1506,                0.96695,                0.91651,                0.97863,                0.71683,                  1.094,                0.92417,                 1.9159,             0.00080596,             0.00080596,             0.00080596
                     51,                 1.4249,                 1.5806,                 2.0913,                0.86975,                0.96909,                 0.9707,                0.68752,                 1.2338,                0.92585,                 1.9791,               0.000802,               0.000802,               0.000802
                     52,                 1.3628,                 1.6049,                  2.045,                0.84682,                0.91051,                0.96119,                0.68115,                 1.1246,                 1.1049,                 1.9128,             0.00079804,             0.00079804,             0.00079804
                     53,                 1.4427,                 1.6712,                 2.0889,                0.90618,                0.92801,                0.97637,                0.71314,                 1.0902,                0.94669,                 1.8637,             0.00079408,             0.00079408,             0.00079408
                     54,                  1.437,                 1.5636,                  2.082,                0.95892,                0.93597,                 0.9744,                0.70371,                 1.1113,                0.89112,                 1.8391,             0.00079012,             0.00079012,             0.00079012
                     55,                 1.3638,                 1.5227,                 1.9777,                 0.9522,                0.95305,                0.98604,                0.67723,                 1.1715,                0.80553,                 1.9551,             0.00078616,             0.00078616,             0.00078616
                     56,                 1.2975,                 1.5516,                 2.0033,                0.82226,                0.92001,                0.96348,                0.64424,                 1.2059,                 1.0275,                 1.8531,              0.0007822,              0.0007822,              0.0007822
                     57,                 1.3519,                 1.5897,                 1.9974,                0.93217,                 0.9038,                0.97461,                0.66951,                 1.1983,                0.95241,                 1.9725,             0.00077824,             0.00077824,             0.00077824
                     58,                 1.4469,                  1.556,                 2.0608,                 0.9449,                0.96249,                0.98417,                0.76813,                0.94886,                0.75462,                  1.733,             0.00077428,             0.00077428,             0.00077428
                     59,                 1.4025,                 1.4901,                 2.0338,                0.92736,                0.88365,                0.97984,                0.71896,                 1.0755,                 0.9668,                  1.872,             0.00077032,             0.00077032,             0.00077032
                     60,                 1.3287,                 1.4062,                  1.941,                 0.9384,                0.91712,                0.98218,                0.72995,                 1.0686,                0.89759,                 1.8426,             0.00076636,             0.00076636,             0.00076636
                     61,                 1.2996,                  1.417,                 1.9837,                0.97447,                0.95955,                0.98395,                0.70508,                 1.0942,                0.82395,                 1.8685,              0.0007624,              0.0007624,              0.0007624
                     62,                 1.3395,                 1.4696,                 2.0114,                 0.9766,                 0.9703,                0.98509,                0.74014,                 1.0185,                0.79815,                 1.7573,             0.00075844,             0.00075844,             0.00075844
                     63,                 1.3402,                 1.5387,                 2.0154,                0.96084,                0.96083,                0.97917,                0.70236,                 1.1037,                0.80701,                 1.8364,             0.00075448,             0.00075448,             0.00075448
                     64,                 1.3354,                 1.3573,                 1.9336,                0.89353,                0.94571,                0.97129,                0.68138,                 1.1509,                 1.0241,                 1.8392,             0.00075052,             0.00075052,             0.00075052
                     65,                 1.3113,                 1.4341,                 1.9491,                0.95978,                0.95958,                0.98792,                0.75847,                0.96263,                0.77272,                 1.6843,             0.00074656,             0.00074656,             0.00074656
                     66,                 1.3314,                 1.4755,                 2.0315,                0.97411,                0.95223,                0.98394,                0.73608,                  1.046,                 0.7927,                 1.7524,              0.0007426,              0.0007426,              0.0007426
                     67,                 1.2316,                 1.2177,                 1.8778,                0.94698,                0.93743,                0.97634,                0.69527,                 1.0733,                0.97511,                 1.8343,             0.00073864,             0.00073864,             0.00073864
                     68,                 1.2902,                 1.4103,                 1.9882,                0.63581,                 0.8364,                0.87326,                0.63959,                 1.0341,                 1.3019,                  1.735,             0.00073468,             0.00073468,             0.00073468
                     69,                 1.2665,                 1.4618,                 1.9372,                0.92419,                0.95841,                0.98083,                0.74023,                 1.0264,                0.79704,                 1.7423,             0.00073072,             0.00073072,             0.00073072
                     70,                 1.2337,                 1.4123,                 1.8731,                0.92789,                0.81862,                0.95508,                0.70936,                 1.0527,                0.91857,                 1.7938,             0.00072676,             0.00072676,             0.00072676
                     71,                 1.2887,                 1.3516,                 1.9396,                0.96491,                0.98229,                0.98668,                0.74439,                 1.0001,                0.74394,                 1.6978,              0.0007228,              0.0007228,              0.0007228
                     72,                 1.2499,                 1.2943,                 1.8952,                0.95126,                0.96435,                0.98361,                0.76129,                  0.923,                0.81701,                 1.6621,             0.00071884,             0.00071884,             0.00071884
                     73,                  1.256,                 1.3373,                 1.9306,                0.95297,                0.95556,                0.97181,                0.74175,                0.97917,                0.80139,                 1.6719,             0.00071488,             0.00071488,             0.00071488
                     74,                 1.2432,                 1.3471,                 1.8916,                0.93325,                0.95989,                0.97646,                0.73693,                 1.0287,                0.81437,                 1.7356,             0.00071092,             0.00071092,             0.00071092
                     75,                 1.2531,                 1.4372,                  1.897,                0.95293,                0.94639,                0.98795,                0.66311,                 1.2894,                0.86178,                 1.9125,             0.00070696,             0.00070696,             0.00070696
                     76,                 1.2278,                 1.3093,                  1.852,                0.83284,                0.86577,                0.85656,                0.65062,                 1.0116,                 1.1444,                  1.762,               0.000703,               0.000703,               0.000703
                     77,                 1.2528,                 1.3015,                 1.9055,                0.91406,                0.94649,                0.98477,                0.74542,                  1.023,                0.85471,                 1.7078,             0.00069904,             0.00069904,             0.00069904
                     78,                 1.2992,                 1.3981,                 1.9277,                0.97407,                0.97378,                0.98903,                0.77094,                0.91679,                0.76765,                 1.6442,             0.00069508,             0.00069508,             0.00069508
                     79,                 1.3286,                 1.3524,                 1.9526,                0.97865,                0.97778,                0.98921,                0.78128,                 0.8817,                0.87242,                 1.5757,             0.00069112,             0.00069112,             0.00069112
                     80,                 1.2244,                 1.2493,                 1.8549,                0.98312,                0.95726,                0.98962,                 0.7715,                0.91764,                0.64736,                 1.6468,             0.00068716,             0.00068716,             0.00068716
                     81,                 1.2301,                 1.4106,                 1.9128,                0.98857,                0.97014,                0.98841,                 0.7992,                0.83937,                0.66008,                 1.5379,              0.0006832,              0.0006832,              0.0006832
                     82,                  1.174,                 1.2138,                 1.8289,                0.97056,                0.97276,                0.99045,                0.75705,                0.96704,                0.73062,                 1.6471,             0.00067924,             0.00067924,             0.00067924
                     83,                 1.3229,                 1.4237,                 1.9166,                0.91415,                0.75117,                0.91398,                0.69763,                0.95144,                 1.2125,                 1.6833,             0.00067528,             0.00067528,             0.00067528
                     84,                 1.1817,                 1.1709,                 1.7988,                0.92814,                0.95761,                 0.9865,                0.76229,                0.95111,                0.84054,                 1.6554,             0.00067132,             0.00067132,             0.00067132
                     85,                 1.1699,                 1.2161,                 1.8286,                0.95759,                0.98889,                0.98702,                0.78865,                0.85908,                0.65597,                 1.6026,             0.00066736,             0.00066736,             0.00066736
                     86,                 1.1973,                 1.2058,                 1.8531,                0.83419,                0.92721,                0.94451,                0.74733,                0.86589,                0.96977,                 1.6446,              0.0006634,              0.0006634,              0.0006634
                     87,                 1.2198,                 1.2949,                 1.8385,                0.93932,                0.97712,                0.97908,                0.74447,                0.97389,                0.75846,                 1.7129,             0.00065944,             0.00065944,             0.00065944
                     88,                 1.1849,                 1.2311,                 1.8339,                0.92486,                 0.9385,                0.97921,                0.77792,                0.89952,                0.80382,                 1.6357,             0.00065548,             0.00065548,             0.00065548
                     89,                 1.2465,                 1.2715,                 1.8933,                0.90121,                0.90397,                 0.9789,                 0.7327,                0.99337,                0.95661,                 1.6776,             0.00065152,             0.00065152,             0.00065152
                     90,                 1.1619,                 1.1602,                 1.8094,                0.98704,                0.99263,                 0.9896,                0.77247,                 0.9048,                0.62685,                 1.6031,             0.00064756,             0.00064756,             0.00064756
                     91,                   1.18,                 1.2451,                 1.8185,                0.97183,                0.97625,                0.98755,                0.76138,                0.95139,                0.67368,                 1.6724,              0.0006436,              0.0006436,              0.0006436
                     92,                 1.1055,                 1.1188,                 1.7239,                0.97513,                0.97606,                0.98952,                 0.7711,                0.88018,                0.83074,                 1.5812,             0.00063964,             0.00063964,             0.00063964
                     93,                 1.1103,                 1.2085,                  1.751,                0.96917,                0.98095,                0.98848,                0.77613,                0.85998,                0.77164,                 1.5458,             0.00063568,             0.00063568,             0.00063568
                     94,                 1.1677,                 1.1732,                 1.8023,                0.97681,                0.98934,                0.99055,                0.79712,                0.82161,                0.60869,                 1.5524,             0.00063172,             0.00063172,             0.00063172
                     95,                 1.1804,                  1.218,                 1.7918,                0.97809,                0.97707,                 0.9898,                0.79047,                0.85549,                0.61656,                 1.5669,             0.00062776,             0.00062776,             0.00062776
                     96,                 1.1083,                 1.1152,                 1.7868,                0.96072,                0.97172,                0.98917,                0.76772,                0.91334,                0.65486,                 1.6092,              0.0006238,              0.0006238,              0.0006238
                     97,                 1.2006,                 1.1859,                 1.8436,                0.96125,                0.95293,                0.98432,                0.74331,                0.95509,                0.72538,                 1.6443,             0.00061984,             0.00061984,             0.00061984
                     98,                 1.0802,                 1.1199,                 1.7252,                  0.962,                0.97044,                0.99038,                0.76697,                0.93612,                0.67684,                 1.6376,             0.00061588,             0.00061588,             0.00061588
                     99,                 1.2461,                 1.2273,                 1.8506,                0.79536,                0.88889,                0.95526,                0.72858,                0.99183,                 1.0811,                 1.6702,             0.00061192,             0.00061192,             0.00061192
                    100,                 1.0917,                 1.0483,                 1.7126,                0.99143,                0.97821,                0.99055,                0.79866,                0.87145,                0.61728,                 1.5621,             0.00060796,             0.00060796,             0.00060796
                    101,                 1.1374,                 1.1912,                 1.7314,                0.97865,                0.98749,                0.99025,                0.74014,                 1.0658,                0.68435,                 1.6515,               0.000604,               0.000604,               0.000604
                    102,                 1.1508,                 1.1458,                 1.7607,                 0.9866,                0.98798,                0.98983,                0.77808,                0.91179,                0.75381,                 1.6002,             0.00060004,             0.00060004,             0.00060004
                    103,                 1.1073,                 1.1304,                 1.7348,                0.96898,                0.95415,                0.98452,                0.77098,                0.86478,                0.70527,                 1.5743,             0.00059608,             0.00059608,             0.00059608
                    104,                 1.0891,                 1.0952,                 1.7398,                0.97225,                0.96633,                0.98911,                 0.8009,                0.83293,                0.62412,                 1.5384,             0.00059212,             0.00059212,             0.00059212
                    105,                 1.1371,                 1.1365,                 1.7581,                 0.9299,                   0.96,                0.98901,                0.80247,                0.84086,                0.68254,                 1.5272,             0.00058816,             0.00058816,             0.00058816
                    106,                 1.0848,                 1.1144,                 1.7033,                0.98157,                0.97192,                0.98931,                0.79441,                0.85533,                0.70466,                 1.5331,              0.0005842,              0.0005842,              0.0005842
                    107,                 1.1422,                 1.0934,                 1.7797,                0.98227,                0.98133,                0.99038,                0.79825,                0.82256,                0.87844,                 1.4947,             0.00058024,             0.00058024,             0.00058024
                    108,                 1.1091,                 1.0586,                 1.7311,                0.96848,                0.97833,                0.98934,                0.80569,                0.80726,                0.76519,                 1.4832,             0.00057628,             0.00057628,             0.00057628
                    109,                 1.1034,                 1.1011,                 1.7284,                0.98246,                0.98273,                0.98971,                 0.7795,                0.88931,                0.66526,                 1.5502,             0.00057232,             0.00057232,             0.00057232
                    110,                 1.1289,                  1.094,                 1.7629,                0.98707,                0.98937,                0.99123,                0.79423,                0.85221,                0.58745,                 1.5293,             0.00056836,             0.00056836,             0.00056836
                    111,                 1.1191,                 1.0862,                 1.7235,                0.97416,                0.99372,                0.99037,                0.79198,                0.84932,                0.60614,                 1.5142,              0.0005644,              0.0005644,              0.0005644
                    112,                 1.1345,                  1.076,                 1.7532,                0.98702,                0.98968,                 0.9903,                0.78503,                 0.8727,                0.60675,                 1.5627,             0.00056044,             0.00056044,             0.00056044
                    113,                 1.1316,                 1.1603,                 1.7591,                0.98466,                0.97396,                 0.9896,                0.81395,                0.79314,                0.57158,                 1.4681,             0.00055648,             0.00055648,             0.00055648
                    114,                 1.0517,                 1.0404,                 1.7101,                0.98271,                0.99041,                0.99061,                0.80549,                0.80693,                0.58739,                 1.4964,             0.00055252,             0.00055252,             0.00055252
                    115,                 1.0754,                 1.0457,                 1.7274,                0.93409,                0.94286,                0.98152,                0.78772,                 0.8073,                0.67851,                 1.4741,             0.00054856,             0.00054856,             0.00054856
                    116,                 1.0205,                0.99016,                 1.6865,                0.97075,                0.99215,                0.99274,                0.80429,                0.82952,                0.58758,                 1.5281,              0.0005446,              0.0005446,              0.0005446
                    117,                 1.0628,                 1.0162,                 1.6685,                0.94502,                 0.9897,                 0.9908,                0.79931,                0.80091,                0.64367,                 1.4747,             0.00054064,             0.00054064,             0.00054064
                    118,                 1.1083,                 1.0778,                 1.7635,                0.97862,                0.98486,                0.99055,                0.81664,                0.73668,                0.59307,                 1.4566,             0.00053668,             0.00053668,             0.00053668
                    119,                 1.0602,                 1.0803,                 1.6973,                0.95984,                0.98936,                0.98997,                0.80462,                0.82888,                0.60017,                 1.5022,             0.00053272,             0.00053272,             0.00053272
                    120,                 1.0935,                 1.0953,                 1.7127,                0.96906,                 0.9864,                0.98963,                0.80617,                0.82181,                0.57372,                 1.5048,             0.00052876,             0.00052876,             0.00052876
                    121,                 1.0354,                0.98789,                 1.6859,                0.98229,                0.99135,                0.98996,                  0.771,                0.90658,                0.59923,                 1.6094,              0.0005248,              0.0005248,              0.0005248
                    122,                 1.0593,                0.99461,                 1.6711,                0.98496,                0.98855,                0.99054,                0.78447,                0.85946,                0.58029,                 1.5496,             0.00052084,             0.00052084,             0.00052084
                    123,                 1.0897,                 1.0699,                 1.6898,                 0.9875,                0.98889,                 0.9894,                0.83713,                0.69612,                0.53613,                  1.399,             0.00051688,             0.00051688,             0.00051688
                    124,                 1.0923,                 1.0202,                 1.6926,                0.98856,                0.99263,                0.98928,                0.80563,                0.78413,                0.55653,                 1.4519,             0.00051292,             0.00051292,             0.00051292
                    125,                 1.0757,                 0.9893,                 1.6829,                0.98179,                0.98539,                0.99051,                0.82826,                0.76999,                0.54728,                 1.4427,             0.00050896,             0.00050896,             0.00050896
                    126,                 1.0407,                 1.0028,                 1.6615,                0.98586,                0.98991,                0.99058,                0.81499,                0.78506,                0.56174,                 1.4668,               0.000505,               0.000505,               0.000505
                    127,                 1.0232,                0.95253,                 1.6507,                0.98447,                0.98751,                0.99051,                0.81225,                0.74915,                0.56464,                 1.4157,             0.00050104,             0.00050104,             0.00050104
                    128,                 1.0027,                0.96191,                 1.6321,                0.99326,                 0.9916,                0.99069,                0.82216,                 0.7496,                0.54442,                 1.4337,             0.00049708,             0.00049708,             0.00049708
                    129,                 1.0779,                0.97653,                 1.6512,                0.99146,                0.99172,                 0.9911,                0.82104,                 0.7614,                 0.5305,                 1.4335,             0.00049312,             0.00049312,             0.00049312
                    130,                0.97555,                0.88226,                 1.5986,                0.98643,                0.98638,                0.99076,                0.82103,                0.74735,                0.52582,                 1.4257,             0.00048916,             0.00048916,             0.00048916
                    131,                  1.026,                0.90857,                 1.5949,                0.98614,                0.99344,                0.99122,                0.82729,                0.74648,                0.54532,                 1.4125,              0.0004852,              0.0004852,              0.0004852
                    132,                 1.0434,                0.99433,                 1.6308,                0.97028,                0.99444,                0.99103,                0.83046,                0.72812,                0.55332,                 1.3955,             0.00048124,             0.00048124,             0.00048124
                    133,                 1.0071,                0.93883,                 1.6283,                0.98649,                0.98791,                0.99133,                0.83789,                0.73803,                 0.5411,                 1.4045,             0.00047728,             0.00047728,             0.00047728
                    134,                 1.0069,                0.95192,                 1.6149,                0.99371,                0.98436,                 0.9915,                 0.8276,                0.74703,                0.53907,                  1.407,             0.00047332,             0.00047332,             0.00047332
                    135,                0.93325,                0.84045,                 1.5598,                0.99224,                0.99326,                 0.9915,                0.83341,                0.75031,                0.50595,                 1.4006,             0.00046936,             0.00046936,             0.00046936
                    136,                0.98291,                0.85902,                 1.6171,                0.98725,                0.99198,                0.99181,                0.81944,                0.74867,                0.52677,                 1.3839,              0.0004654,              0.0004654,              0.0004654
                    137,                 1.0251,                0.92231,                 1.6125,                0.99581,                0.98792,                0.99195,                0.82271,                0.73705,                0.50861,                 1.3875,             0.00046144,             0.00046144,             0.00046144
                    138,                 1.0418,                0.91005,                  1.634,                0.99761,                0.99041,                0.99111,                0.80579,                0.79416,                0.52177,                 1.4677,             0.00045748,             0.00045748,             0.00045748
                    139,                 1.1759,                 1.2208,                 1.6872,                0.99203,                0.99099,                0.99357,                0.82372,                0.75415,                0.54121,                 1.4127,             0.00045352,             0.00045352,             0.00045352
                    140,                0.98116,                0.88194,                 1.6009,                 0.9866,                0.99086,                0.99179,                 0.8445,                0.71352,                0.53048,                 1.3714,             0.00044956,             0.00044956,             0.00044956
                    141,                 1.0294,                0.94317,                 1.6505,                0.98682,                0.99177,                0.99207,                0.83238,                0.73774,                0.51378,                 1.3752,              0.0004456,              0.0004456,              0.0004456
                    142,                 1.0089,                0.91083,                  1.632,                0.97997,                0.99444,                0.99195,                0.83164,                0.72063,                0.50582,                 1.3743,             0.00044164,             0.00044164,             0.00044164
                    143,                 1.0432,                0.91921,                 1.6545,                0.99093,                0.99077,                0.99132,                0.83373,                0.70654,                0.50658,                 1.3722,             0.00043768,             0.00043768,             0.00043768
                    144,                 1.0232,                   0.93,                 1.6228,                0.98799,                0.99075,                0.99238,                0.83325,                0.71725,                 0.4895,                 1.4008,             0.00043372,             0.00043372,             0.00043372
                    145,                 1.0219,                0.96958,                 1.5945,                 0.9852,                0.99444,                0.99259,                0.80468,                0.80152,                0.52212,                  1.444,             0.00042976,             0.00042976,             0.00042976
                    146,                0.97903,                0.92375,                 1.6319,                0.98838,                0.99366,                0.99366,                0.84774,                0.65287,                0.47793,                 1.3507,              0.0004258,              0.0004258,              0.0004258
                    147,                 1.0093,                0.95124,                 1.6069,                0.99157,                0.99218,                0.99227,                0.82341,                0.72485,                0.48919,                 1.3929,             0.00042184,             0.00042184,             0.00042184
                    148,                 0.9931,                0.89338,                 1.6094,                0.98116,                0.98518,                0.99125,                 0.8295,                0.72402,                0.53078,                  1.368,             0.00041788,             0.00041788,             0.00041788
                    149,                0.91985,                0.84247,                 1.5341,                0.99157,                0.98634,                0.99283,                0.85182,                0.66156,                0.47986,                 1.3349,             0.00041392,             0.00041392,             0.00041392
                    150,                 1.0097,                0.92439,                 1.5856,                0.99101,                0.98765,                0.99309,                0.84944,                 0.6606,                0.47599,                  1.343,             0.00040996,             0.00040996,             0.00040996
                    151,                0.94418,                0.86181,                 1.5375,                 0.9935,                0.99042,                0.99333,                0.80085,                 0.8049,                0.51015,                 1.4126,               0.000406,               0.000406,               0.000406
                    152,                0.97836,                0.94735,                 1.5769,                0.99249,                0.98987,                0.99319,                0.82487,                0.72439,                0.51562,                 1.3731,             0.00040204,             0.00040204,             0.00040204
                    153,                0.95304,                0.86949,                 1.5556,                0.98729,                0.99444,                0.99246,                0.81628,                0.76913,                0.50093,                 1.4343,             0.00039808,             0.00039808,             0.00039808
                    154,                0.96161,                0.86359,                 1.5789,                0.98756,                0.99444,                 0.9916,                0.83221,                0.70311,                0.49202,                 1.3526,             0.00039412,             0.00039412,             0.00039412
                    155,                 1.0063,                0.89785,                 1.5602,                0.99391,                0.98567,                0.99133,                 0.8349,                0.70617,                0.49476,                 1.3649,             0.00039016,             0.00039016,             0.00039016
                    156,                0.95472,                0.86894,                 1.5865,                0.99303,                0.98786,                0.99187,                0.84309,                0.67461,                0.49192,                 1.3182,              0.0003862,              0.0003862,              0.0003862
                    157,                0.92265,                0.86587,                 1.5281,                0.99637,                0.99028,                0.99217,                0.81827,                0.80586,                0.48058,                 1.4496,             0.00038224,             0.00038224,             0.00038224
                    158,                0.94485,                0.85042,                 1.5453,                0.98815,                0.99025,                0.99224,                0.84885,                0.65491,                0.47829,                 1.3155,             0.00037828,             0.00037828,             0.00037828
                    159,                 0.9831,                0.84987,                 1.5655,                0.98857,                 0.9922,                0.99211,                0.81302,                0.79438,                 0.5314,                 1.4138,             0.00037432,             0.00037432,             0.00037432
                    160,                0.95125,                0.85779,                 1.5307,                0.99637,                0.98677,                0.99198,                0.83411,                0.72124,                0.48715,                  1.378,             0.00037036,             0.00037036,             0.00037036
                    161,                0.98208,                0.84094,                 1.5903,                0.99595,                0.99309,                0.99259,                0.84149,                0.70261,                 0.4961,                 1.3366,              0.0003664,              0.0003664,              0.0003664
                    162,                0.96153,                0.84554,                 1.5541,                 0.9949,                0.98349,                0.99252,                0.85039,                0.67682,                0.48734,                  1.342,             0.00036244,             0.00036244,             0.00036244
                    163,                0.97747,                0.85815,                 1.5719,                0.99656,                0.99005,                0.99288,                0.83471,                0.71734,                0.46984,                 1.3458,             0.00035848,             0.00035848,             0.00035848
                    164,                0.94464,                0.84428,                 1.5449,                0.99257,                0.99103,                0.99319,                0.85137,                0.64221,                0.47009,                 1.3194,             0.00035452,             0.00035452,             0.00035452
                    165,                0.94686,                0.81046,                 1.5608,                0.97778,                0.99397,                0.99218,                0.84677,                0.66385,                0.49197,                 1.3219,             0.00035056,             0.00035056,             0.00035056
                    166,                0.96535,                0.84794,                 1.5239,                0.99154,                0.99153,                0.99395,                 0.8545,                0.66079,                0.46467,                 1.3287,              0.0003466,              0.0003466,              0.0003466
                    167,                0.95527,                0.86614,                 1.5593,                0.99247,                0.98418,                0.99349,                0.85092,                0.65696,                0.47654,                 1.3278,             0.00034264,             0.00034264,             0.00034264
                    168,                0.91102,                0.80507,                 1.5054,                0.99043,                0.99144,                0.99395,                 0.8521,                0.68376,                 0.4717,                 1.3384,             0.00033868,             0.00033868,             0.00033868
                    169,                0.94593,                0.93043,                 1.5409,                0.98861,                0.99224,                0.99429,                0.85605,                0.64321,                0.45728,                 1.2877,             0.00033472,             0.00033472,             0.00033472
                    170,                0.93033,                0.82423,                 1.5748,                0.98708,                0.99234,                0.99395,                0.85074,                0.66535,                 0.4519,                 1.3221,             0.00033076,             0.00033076,             0.00033076
                    171,                0.88494,                0.76442,                 1.5003,                0.98828,                0.99165,                0.99294,                0.86107,                0.63363,                0.44729,                 1.2783,              0.0003268,              0.0003268,              0.0003268
                    172,                0.88437,                0.79871,                 1.4772,                0.99743,                0.98573,                0.99349,                0.86617,                0.63621,                0.45001,                 1.3096,             0.00032284,             0.00032284,             0.00032284
                    173,                0.86906,                0.76747,                 1.4512,                 0.9933,                0.98043,                0.99349,                0.85678,                0.63433,                0.44986,                 1.3015,             0.00031888,             0.00031888,             0.00031888
                    174,                0.94669,                0.86683,                 1.5808,                0.98654,                0.98605,                0.99313,                0.84742,                0.67111,                0.46073,                 1.3386,             0.00031492,             0.00031492,             0.00031492
                    175,                0.89088,                0.79617,                 1.4794,                0.98785,                0.98994,                0.99366,                0.86115,                0.64886,                0.45955,                 1.3023,             0.00031096,             0.00031096,             0.00031096
                    176,                0.84373,                0.75297,                  1.427,                0.98096,                0.98669,                0.99386,                0.85657,                0.65744,                0.47276,                 1.3132,               0.000307,               0.000307,               0.000307
                    177,                0.91307,                0.85766,                 1.5418,                 0.9805,                0.98889,                0.99415,                0.85199,                0.63553,                0.46365,                 1.2716,             0.00030304,             0.00030304,             0.00030304
                    178,                 1.0086,                0.85019,                   1.59,                0.98828,                0.99346,                0.99358,                0.82784,                0.72493,                0.47072,                 1.3405,             0.00029908,             0.00029908,             0.00029908
                    179,                0.86371,                0.74212,                 1.4812,                0.98923,                0.99224,                0.99429,                0.85138,                0.66238,                0.44118,                   1.31,             0.00029512,             0.00029512,             0.00029512
                    180,                0.85823,                0.79647,                 1.4858,                0.98656,                0.99444,                0.99429,                0.87146,                0.59774,                0.43001,                 1.2511,             0.00029116,             0.00029116,             0.00029116
                    181,                0.91664,                0.82737,                 1.5239,                0.99465,                0.99444,                0.99469,                 0.8649,                0.61545,                 0.4221,                 1.2741,              0.0002872,              0.0002872,              0.0002872
                    182,                0.88548,                 0.8144,                 1.5018,                0.99227,                0.99444,                0.99484,                0.87759,                0.59441,                0.42933,                 1.2564,             0.00028324,             0.00028324,             0.00028324
                    183,                0.80704,                0.73047,                 1.4028,                0.99409,                0.99225,                0.99455,                0.86813,                0.59998,                0.42119,                 1.2629,             0.00027928,             0.00027928,             0.00027928
                    184,                 0.8152,                0.70822,                 1.4484,                0.98794,                0.99444,                0.99416,                0.86664,                 0.5997,                0.41374,                 1.2526,             0.00027532,             0.00027532,             0.00027532
                    185,                0.87213,                0.78705,                 1.4737,                0.99367,                0.99318,                0.99484,                0.86815,                0.58675,                0.41019,                 1.2435,             0.00027136,             0.00027136,             0.00027136
                    186,                0.86181,                0.78376,                 1.4393,                 0.9949,                0.98701,                0.99453,                0.86936,                0.60409,                 0.4482,                 1.2699,              0.0002674,              0.0002674,              0.0002674
                    187,                0.91398,                0.77195,                 1.5212,                0.97927,                0.98594,                0.99436,                0.85887,                0.64357,                0.48243,                 1.2817,             0.00026344,             0.00026344,             0.00026344
                    188,                0.87411,                0.78062,                 1.5024,                0.99481,                 0.9873,                0.99484,                0.87453,                0.60024,                0.43141,                 1.2498,             0.00025948,             0.00025948,             0.00025948
                    189,                0.91202,                0.79376,                  1.527,                0.99106,                0.98985,                0.99469,                0.86336,                0.62694,                0.43889,                 1.2574,             0.00025552,             0.00025552,             0.00025552
                    190,                0.88193,                0.81973,                 1.4573,                0.99598,                0.98984,                0.99469,                0.88366,                0.57062,                0.39579,                 1.2107,             0.00025156,             0.00025156,             0.00025156
                    191,                0.81426,                0.71181,                 1.4027,                0.99604,                0.98473,                0.99452,                0.87174,                0.60913,                 0.3953,                 1.2486,              0.0002476,              0.0002476,              0.0002476
                    192,                0.87125,                0.78065,                 1.4657,                0.99635,                0.98833,                0.99452,                0.88642,                0.56848,                0.40161,                 1.2221,             0.00024364,             0.00024364,             0.00024364
                    193,                0.79636,                0.69431,                 1.4253,                0.99691,                0.99306,                0.99417,                0.87481,                0.59147,                0.41396,                 1.2458,             0.00023968,             0.00023968,             0.00023968
                    194,                0.86088,                0.74865,                 1.4804,                 0.9963,                0.99295,                0.99441,                0.85969,                0.61605,                0.42672,                 1.2434,             0.00023572,             0.00023572,             0.00023572
                    195,                0.88078,                0.78567,                 1.4909,                0.99173,                0.99444,                0.99469,                 0.8709,                0.60114,                0.43665,                 1.2525,             0.00023176,             0.00023176,             0.00023176
                    196,                0.81529,                0.76297,                 1.4421,                0.99312,                0.99444,                0.99469,                0.88221,                0.56752,                0.40574,                 1.2283,              0.0002278,              0.0002278,              0.0002278
                    197,                0.80807,                0.71002,                 1.4136,                0.98479,                 0.9949,                0.99484,                0.87622,                0.57618,                0.41015,                 1.2467,             0.00022384,             0.00022384,             0.00022384
                    198,                 0.8447,                0.74745,                 1.4504,                0.98653,                0.99444,                0.99469,                0.87614,                0.59422,                0.41564,                 1.2517,             0.00021988,             0.00021988,             0.00021988
                    199,                0.85775,                0.76052,                 1.4749,                0.99417,                0.99444,                0.99469,                0.88255,                0.56883,                 0.4038,                 1.2293,             0.00021592,             0.00021592,             0.00021592
                    200,                0.87885,                0.79985,                  1.495,                0.99531,                 0.9926,                0.99484,                0.87915,                0.57001,                0.40639,                 1.2314,             0.00021196,             0.00021196,             0.00021196
                    201,                0.85162,                0.75048,                 1.4447,                 0.9941,                0.98853,                0.99484,                0.86468,                0.60601,                0.40315,                 1.2584,               0.000208,               0.000208,               0.000208
                    202,                0.87078,                 0.7682,                 1.4701,                0.99583,                0.98688,                0.99452,                0.86486,                0.62096,                0.40449,                 1.2651,             0.00020404,             0.00020404,             0.00020404
                    203,                0.88981,                0.75628,                 1.4801,                 0.9972,                0.98696,                0.99452,                0.87601,                0.56946,                0.40423,                  1.207,             0.00020008,             0.00020008,             0.00020008
                    204,                0.83822,                0.76987,                 1.4282,                0.99742,                0.98622,                0.99468,                0.87448,                0.56841,                 0.3996,                 1.2081,             0.00019612,             0.00019612,             0.00019612
                    205,                0.85721,                0.74508,                 1.4717,                0.98808,                0.99483,                0.99468,                0.88365,                0.55555,                0.39443,                 1.1982,             0.00019216,             0.00019216,             0.00019216
                    206,                0.80892,                0.71302,                  1.419,                0.99019,                0.99449,                0.99484,                0.88641,                0.55614,                0.38494,                 1.2067,              0.0001882,              0.0001882,              0.0001882
                    207,                0.86864,                0.75795,                 1.4738,                0.98872,                0.99489,                0.99468,                0.88446,                0.55931,                0.38253,                 1.2086,             0.00018424,             0.00018424,             0.00018424
                    208,                0.84682,                0.77465,                  1.461,                0.99641,                0.99225,                0.99484,                0.87284,                0.59639,                0.39767,                 1.2448,             0.00018028,             0.00018028,             0.00018028
                    209,                0.81282,                 0.7122,                 1.4426,                0.99557,                0.98889,                0.99468,                0.88382,                0.55774,                0.38148,                 1.2045,             0.00017632,             0.00017632,             0.00017632
                    210,                  0.835,                0.74484,                 1.4172,                0.99553,                0.98889,                0.99468,                0.87243,                0.61035,                0.39948,                 1.2272,             0.00017236,             0.00017236,             0.00017236
                    211,                0.84352,                0.69872,                 1.4467,                0.99577,                0.99246,                0.99484,                0.89359,                 0.5408,                0.38141,                 1.1997,              0.0001684,              0.0001684,              0.0001684
                    212,                0.83391,                 0.6972,                 1.4459,                0.99642,                0.99232,                0.99484,                0.88533,                0.55545,                 0.3812,                 1.2125,             0.00016444,             0.00016444,             0.00016444
                    213,                0.83448,                0.77376,                 1.4286,                0.99719,                0.99279,                0.99484,                 0.8735,                0.59205,                 0.3862,                 1.2126,             0.00016048,             0.00016048,             0.00016048
                    214,                 0.8258,                0.72712,                 1.4466,                0.98908,                0.99487,                0.99468,                0.89101,                0.55788,                0.37968,                 1.1957,             0.00015652,             0.00015652,             0.00015652
                    215,                0.80448,                0.71665,                 1.4242,                0.99746,                0.99138,                0.99484,                0.88336,                 0.5584,                0.38271,                 1.1991,             0.00015256,             0.00015256,             0.00015256
                    216,                 0.8318,                0.73429,                 1.4341,                 0.9971,                0.99063,                0.99484,                0.89431,                0.53022,                0.37938,                  1.174,              0.0001486,              0.0001486,              0.0001486
                    217,                0.78072,                0.69149,                 1.3716,                0.99565,                0.99147,                0.99484,                0.88729,                0.53546,                0.38505,                 1.1837,             0.00014464,             0.00014464,             0.00014464
                    218,                0.82941,                0.72873,                 1.4185,                0.99612,                0.99281,                0.99484,                0.88526,                0.55644,                0.38788,                 1.1879,             0.00014068,             0.00014068,             0.00014068
                    219,                 0.7917,                0.67267,                 1.3805,                0.99696,                0.99259,                0.99484,                0.87526,                0.58467,                0.39618,                 1.1997,             0.00013672,             0.00013672,             0.00013672
                    220,                0.76398,                0.65797,                 1.3814,                0.99625,                0.99291,                0.99484,                0.88153,                0.56761,                0.38484,                 1.1882,             0.00013276,             0.00013276,             0.00013276
                    221,                0.83556,                0.72702,                 1.4313,                0.99596,                0.99312,                0.99484,                0.88562,                0.54744,                 0.3834,                 1.1808,              0.0001288,              0.0001288,              0.0001288
                    222,                 0.7726,                0.66503,                 1.3921,                0.99662,                 0.9925,                0.99484,                0.88352,                0.56861,                0.39271,                 1.1938,             0.00012484,             0.00012484,             0.00012484
                    223,                0.83293,                0.72609,                 1.4133,                0.99645,                0.99391,                0.99469,                0.89097,                0.54373,                0.39096,                 1.1826,             0.00012088,             0.00012088,             0.00012088
                    224,                0.82572,                0.70658,                 1.4345,                0.99662,                0.99285,                0.99469,                0.89406,                0.52962,                0.38341,                 1.1863,             0.00011692,             0.00011692,             0.00011692
                    225,                0.79101,                0.66517,                 1.3934,                0.99755,                0.99321,                0.99469,                0.89374,                0.54818,                0.37649,                 1.1835,             0.00011296,             0.00011296,             0.00011296
                    226,                0.76141,                0.65313,                 1.3787,                0.99756,                0.99279,                0.99469,                  0.893,                 0.5234,                0.36769,                 1.1661,               0.000109,               0.000109,               0.000109
                    227,                0.80527,                0.68256,                 1.4172,                0.99713,                0.99268,                0.99484,                0.89566,                0.52688,                0.36135,                 1.1661,             0.00010504,             0.00010504,             0.00010504
                    228,                 0.8275,                0.70412,                 1.4448,                0.99673,                0.99278,                0.99484,                0.88574,                0.55799,                0.37399,                 1.1808,             0.00010108,             0.00010108,             0.00010108
                    229,                 0.7621,                0.66523,                 1.3858,                0.99637,                0.99283,                0.99484,                0.90051,                0.52104,                0.36252,                 1.1601,              9.712e-05,              9.712e-05,              9.712e-05
                    230,                0.78722,                0.71037,                 1.4173,                0.99771,                0.99087,                0.99484,                0.89413,                0.52072,                0.36519,                 1.1613,              9.316e-05,              9.316e-05,              9.316e-05
                    231,                0.79949,                0.70007,                 1.4062,                0.99785,                0.99015,                0.99484,                0.90077,                0.52289,                0.36522,                 1.1583,               8.92e-05,               8.92e-05,               8.92e-05
                    232,                0.81304,                0.67724,                  1.391,                0.99763,                0.99009,                0.99484,                0.89543,                0.52198,                0.36136,                 1.1655,              8.524e-05,              8.524e-05,              8.524e-05
                    233,                0.81001,                0.70173,                 1.4549,                0.99752,                0.99025,                0.99484,                0.89269,                0.53422,                0.36578,                 1.1774,              8.128e-05,              8.128e-05,              8.128e-05
                    234,                0.84315,                0.70763,                 1.4456,                0.99518,                0.99292,                0.99484,                0.90055,                0.50853,                0.36322,                 1.1454,              7.732e-05,              7.732e-05,              7.732e-05
                    235,                0.81117,                0.67285,                 1.4137,                0.99776,                 0.9908,                0.99484,                0.90415,                0.51519,                0.36937,                 1.1462,              7.336e-05,              7.336e-05,              7.336e-05
                    236,                0.78495,                0.65693,                 1.3937,                0.99794,                0.99057,                0.99469,                0.89988,                0.50458,                0.36065,                 1.1503,               6.94e-05,               6.94e-05,               6.94e-05
                    237,                0.77007,                 0.6825,                  1.386,                0.99612,                0.99288,                0.99469,                0.89188,                0.50699,                0.35392,                 1.1548,              6.544e-05,              6.544e-05,              6.544e-05
                    238,                0.77504,                0.66949,                 1.4047,                 0.9964,                0.99273,                0.99484,                0.90248,                0.50461,                0.35068,                 1.1454,              6.148e-05,              6.148e-05,              6.148e-05
                    239,                0.78894,                0.65839,                 1.3921,                0.99667,                0.99244,                0.99484,                 0.8975,                0.53957,                0.36012,                 1.1614,              5.752e-05,              5.752e-05,              5.752e-05
                    240,                0.75682,                 0.6871,                 1.3662,                0.99686,                0.99221,                0.99484,                0.89976,                 0.5223,                0.35676,                  1.153,              5.356e-05,              5.356e-05,              5.356e-05
                    241,                0.62967,                0.55664,                   1.24,                0.99654,                0.99257,                0.99484,                0.89762,                0.51175,                0.35834,                 1.1487,               4.96e-05,               4.96e-05,               4.96e-05
                    242,                 0.5868,                0.51643,                 1.2136,                0.99676,                0.99248,                0.99484,                0.89613,                0.52689,                0.37059,                 1.1507,              4.564e-05,              4.564e-05,              4.564e-05
                    243,                0.61302,                0.48741,                 1.2227,                0.99642,                0.99263,                0.99469,                0.89358,                0.53424,                0.37816,                 1.1536,              4.168e-05,              4.168e-05,              4.168e-05
                    244,                0.60052,                 0.4834,                 1.2194,                0.99571,                0.99272,                0.99469,                0.90422,                0.50735,                0.37214,                 1.1392,              3.772e-05,              3.772e-05,              3.772e-05
                    245,                0.58802,                0.52737,                 1.1998,                0.99507,                0.99278,                0.99469,                0.91416,                0.49461,                0.36491,                 1.1328,              3.376e-05,              3.376e-05,              3.376e-05
                    246,                0.59704,                0.49588,                 1.2072,                0.99727,                0.99049,                0.99469,                0.91076,                0.49263,                0.36012,                 1.1302,               2.98e-05,               2.98e-05,               2.98e-05
                    247,                0.62925,                0.51387,                  1.247,                0.99738,                0.99049,                0.99469,                0.91136,                0.49149,                 0.3589,                  1.127,              2.584e-05,              2.584e-05,              2.584e-05
                    248,                0.59815,                0.47534,                 1.2314,                0.99754,                0.99035,                0.99469,                0.90955,                0.49074,                0.35746,                 1.1276,              2.188e-05,              2.188e-05,              2.188e-05
                    249,                0.59964,                0.47292,                 1.1985,                0.99766,                0.99033,                0.99469,                0.90836,                0.49091,                0.35845,                 1.1277,              1.792e-05,              1.792e-05,              1.792e-05
                    250,                0.62118,                0.48085,                 1.2273,                0.99766,                0.99044,                0.99469,                0.90814,                0.49032,                0.35866,                 1.1272,              1.396e-05,              1.396e-05,              1.396e-05
